"Name","Color","Rarity","# Seen","ALSA","# Picked","ATA","# GP","% GP","GP WR","# OH","OH WR","# GD","GD WR","# GIH","GIH WR","# GNS","GNS WR","IIH"
"Abuelo's Awakening","W","R","4495","1.71","607","1.74","1321","36.4%","49.1%","212","","322","","534","46.6%","783","50.8%","-4.2pp"
"Acrobatic Leap","W","C","135894","9.86","29010","12.10","28603","15.2%","58.1%","4473","55.5%","6504","58.0%","10977","57.0%","17560","58.8%","-1.8pp"
"Adaptive Gemguard","W","C","118821","6.04","21981","8.16","88174","63.5%","56.8%","14171","55.5%","21035","55.8%","35206","55.7%","52575","57.5%","-1.8pp"
"Attentive Sunscribe","W","C","110178","4.90","16177","6.66","83861","81.2%","58.4%","15007","58.5%","18241","56.3%","33248","57.3%","50284","59.1%","-1.7pp"
"Bat Colony","W","U","44229","5.74","4760","8.10","8023","27.4%","51.6%","1328","51.7%","2027","55.2%","3355","53.8%","4566","49.6%","4.2pp"
"Clay-Fired Bricks","W","U","26089","2.37","8763","2.68","50228","88.2%","59.5%","8886","60.3%","12300","62.0%","21186","61.3%","28631","58.1%","3.2pp"
"Cosmium Blast","W","C","118187","5.51","18885","7.26","80453","68.6%","56.0%","13507","54.5%","19451","56.1%","32958","55.5%","47296","56.4%","-0.9pp"
"Dauntless Dismantler","W","U","48512","5.82","6715","7.89","20698","48.8%","55.6%","3634","54.2%","4550","54.2%","8184","54.2%","12474","56.4%","-2.2pp"
"Deconstruction Hammer","W","C","133667","8.01","31048","9.68","98575","49.3%","59.0%","16689","58.1%","22269","57.4%","38958","57.7%","59053","59.7%","-2.1pp"
"Dusk Rose Reliquary","W","U","26522","3.32","8399","4.02","46232","86.7%","58.0%","7634","57.2%","11111","60.3%","18745","59.1%","27189","57.3%","1.8pp"
"Envoy of Okinec Ahau","W","C","121321","5.91","12922","8.41","43081","53.1%","56.1%","7301","55.6%","10060","55.7%","17361","55.6%","25649","56.5%","-0.9pp"
"Fabrication Foundry","W","R","3575","1.43","452","1.41","768","28.2%","50.3%","124","","178","","302","","462","",""
"Family Reunion","W","C","135556","9.28","21691","12.23","11322","8.1%","53.3%","1773","49.1%","2537","52.7%","4310","51.2%","7004","54.6%","-3.3pp"
"Get Lost","W","R","2544","1.06","738","1.05","2807","62.8%","51.9%","470","","707","53.0%","1177","52.2%","1623","51.6%","0.5pp"
"Glorifier of Suffering","W","C","127368","6.56","22935","8.38","86580","60.5%","56.1%","14163","53.9%","20333","55.3%","34496","54.8%","51915","56.9%","-2.1pp"
"Guardian of the Great Door","W","U","22075","2.49","5774","2.96","32318","89.8%","57.3%","5268","56.7%","7764","58.9%","13032","58.0%","19251","56.8%","1.2pp"
"Helping Hand","W","U","50075","6.25","6092","8.52","13214","34.3%","56.1%","2137","54.5%","3043","55.5%","5180","55.1%","8009","56.7%","-1.6pp"
"Ironpaw Aspirant","W","C","111453","5.32","22704","6.90","119260","82.8%","58.3%","21154","59.1%","26780","57.6%","47934","58.3%","71114","58.4%","-0.1pp"
"Kinjalli's Dawnrunner","W","U","22302","2.46","4774","2.92","26663","89.0%","58.0%","4747","60.4%","6325","58.0%","11072","59.0%","15543","57.3%","1.8pp"
"Kutzil's Flanker","W","R","2822","1.12","1083","1.11","5185","77.7%","55.4%","878","53.1%","1224","56.2%","2102","54.9%","3074","55.9%","-1.0pp"
"Malamet War Scribe","W","U","27496","2.94","3798","3.65","18422","79.4%","56.3%","2781","53.5%","4326","57.1%","7107","55.7%","11280","56.6%","-0.8pp"
"Market Gnome","W","U","30889","3.28","4707","4.18","23722","79.9%","57.6%","4097","59.1%","5599","58.3%","9696","58.7%","13876","56.7%","2.0pp"
"Might of the Ancestors","W","U","49835","6.21","6659","8.24","16993","40.5%","56.3%","2833","54.6%","4105","54.9%","6938","54.7%","10021","57.4%","-2.7pp"
"Miner's Guidewing","W","C","95063","4.04","25908","4.80","149655","89.2%","60.0%","26999","64.0%","33925","59.4%","60924","61.4%","88411","59.1%","2.4pp"
"Mischievous Pup","W","U","36725","4.33","5657","6.00","24850","71.0%","55.5%","4116","52.0%","5760","55.3%","9876","53.9%","14908","56.6%","-2.7pp"
"Ojer Taq, Deepest Foundation","W","M","1281","1.06","859","1.05","4053","77.8%","56.0%","660","56.1%","1047","57.7%","1707","57.1%","2333","55.1%","2.0pp"
"Oltec Archaeologists","W","C","128202","6.99","16676","9.79","41294","38.9%","57.6%","6551","55.4%","10227","58.3%","16778","57.1%","24363","57.8%","-0.7pp"
"Oltec Cloud Guard","W","C","66037","2.82","20258","3.37","120474","91.6%","59.9%","20278","61.1%","29449","62.8%","49727","62.1%","70417","58.3%","3.8pp"
"Oteclan Landmark","W","C","131052","8.49","26373","10.58","54834","32.5%","56.2%","9548","53.8%","12681","56.1%","22229","55.1%","32314","56.9%","-1.8pp"
"Petrify","W","C","65909","2.83","16429","3.47","94735","91.1%","58.6%","16197","58.1%","23038","60.4%","39235","59.4%","55200","57.9%","1.5pp"
"Quicksand Whirlpool","W","C","85858","3.78","11431","5.25","60857","84.0%","58.2%","9992","56.7%","15152","60.0%","25144","58.7%","35476","57.7%","1.0pp"
"Resplendent Angel","W","M","1192","1.00","923","1.00","5114","86.5%","59.7%","863","63.0%","1287","65.7%","2150","64.6%","2966","55.9%","8.7pp"
"Ruin-Lurker Bat","W","U","24494","2.86","9512","3.19","55146","89.4%","60.0%","9860","65.9%","12808","60.5%","22668","62.9%","32361","58.0%","4.8pp"
"Sanguine Evangelist","W","R","2425","1.02","1804","1.01","10597","90.2%","60.8%","1840","68.2%","2640","65.6%","4480","66.7%","6080","56.5%","10.2pp"
"Soaring Sandwing","W","C","109156","4.82","11209","7.05","46309","65.4%","57.0%","7803","55.0%","11321","58.8%","19124","57.2%","27050","56.8%","0.4pp"
"Spring-Loaded Sawblades","W","U","26596","2.53","10407","2.85","59068","89.8%","58.6%","10275","59.7%","14300","61.4%","24575","60.7%","34086","57.0%","3.7pp"
"Thousand Moons Crackshot","W","C","129758","7.40","15959","10.47","29551","29.1%","56.6%","5164","56.0%","6341","54.8%","11505","55.3%","18019","57.4%","-2.0pp"
"Thousand Moons Infantry","W","C","132620","7.84","14975","10.99","19402","20.5%","53.2%","3285","53.0%","4257","50.7%","7542","51.7%","11828","54.2%","-2.5pp"
"Thousand Moons Smithy","W","R","2482","1.00","1935","1.00","11134","89.9%","59.4%","1858","65.3%","2874","63.3%","4732","64.1%","6320","55.8%","8.3pp"
"Tinker's Tote","W","C","86166","3.82","18264","4.90","102781","88.6%","58.5%","17649","58.5%","24239","59.3%","41888","59.0%","60337","58.0%","1.0pp"
"Unstable Glyphbridge","W","R","2441","1.00","1811","1.00","9936","85.9%","60.7%","1709","63.1%","2501","66.4%","4210","65.1%","5655","57.1%","7.9pp"
"Vanguard of the Rose","W","U","32960","3.69","5112","4.85","27000","82.3%","58.5%","4861","58.3%","5949","57.8%","10810","58.0%","16171","58.9%","-0.8pp"
"Warden of the Inner Sky","W","R","2387","1.01","1681","1.00","9584","89.0%","60.4%","1767","69.9%","2280","63.1%","4047","66.1%","5536","56.3%","9.8pp"
"Akal Pakal, First Among Equals","U","R","2458","1.00","1764","1.00","10457","91.7%","59.8%","1856","68.2%","2549","62.6%","4405","64.9%","6032","56.0%","8.9pp"
"Ancestral Reminiscence","U","C","129921","7.76","15337","11.19","16468","16.7%","54.5%","2628","52.2%","4263","55.7%","6891","54.4%","9492","54.6%","-0.3pp"
"Brackish Blunder","U","C","106191","4.69","19111","6.18","99969","82.4%","59.0%","16717","57.4%","24314","60.5%","41031","59.2%","58435","58.7%","0.5pp"
"Braided Net","U","R","2567","1.02","1422","1.02","7491","83.7%","58.3%","1203","55.9%","2159","60.5%","3362","58.9%","4278","57.8%","1.1pp"
"Chart a Course","U","U","28984","3.10","5906","3.79","31317","85.9%","57.2%","5465","56.4%","7763","57.3%","13228","57.0%","17934","57.4%","-0.5pp"
"Cogwork Wrestler","U","C","114765","5.59","27490","6.97","146283","82.5%","59.9%","24954","60.2%","33329","60.3%","58283","60.2%","86568","59.6%","0.6pp"
"Confounding Riddle","U","U","34657","3.80","4585","5.06","19019","68.3%","55.4%","3140","53.7%","4850","56.8%","7990","55.6%","10929","55.1%","0.4pp"
"Council of Echoes","U","U","32741","3.48","4136","4.45","18169","72.1%","55.8%","2818","52.3%","4760","60.1%","7578","57.2%","10462","54.6%","2.5pp"
"Didact Echo","U","C","133402","8.05","22066","10.82","38625","27.5%","55.5%","6276","52.9%","9931","57.2%","16207","55.5%","22139","55.3%","0.2pp"
"Eaten by Piranhas","U","U","36962","4.39","7313","5.77","33758","74.5%","56.0%","5694","54.6%","8332","57.0%","14026","56.0%","19583","56.0%","0.0pp"
"The Enigma Jewel","U","M","2474","1.86","379","1.92","288","12.4%","","51","","75","","126","","161","",""
"The Everflowing Well","U","R","2621","1.03","1077","1.02","5047","78.5%","55.8%","873","56.2%","1305","56.9%","2178","56.6%","2811","54.9%","1.8pp"
"Frilled Cave-Wurm","U","C","130921","8.40","16237","12.17","10381","9.9%","52.7%","1668","49.5%","2692","52.7%","4360","51.4%","5950","53.5%","-2.1pp"
"Hermitic Nautilus","U","U","35386","3.89","7933","4.86","43378","86.7%","58.5%","7693","58.7%","10113","57.7%","17806","58.2%","25200","58.7%","-0.5pp"
"Hurl into History","U","U","47062","5.73","5144","8.23","9873","31.2%","52.5%","1563","51.1%","2462","50.4%","4025","50.7%","5809","53.8%","-3.1pp"
"Inverted Iceberg","U","C","112613","5.39","30228","6.41","159014","81.6%","59.7%","27715","60.0%","38165","60.6%","65880","60.4%","91263","59.2%","1.2pp"
"Kitesail Larcenist","U","R","2407","1.01","1862","1.00","10996","91.1%","61.1%","1909","67.2%","2821","66.7%","4730","66.9%","6103","56.3%","10.5pp"
"Lodestone Needle","U","U","40768","4.59","16990","5.20","92980","85.8%","59.3%","15907","57.4%","22612","61.9%","38519","60.0%","53233","58.7%","1.3pp"
"Malcolm, Alluring Scoundrel","U","R","2450","1.01","1875","1.01","10495","88.9%","59.8%","1932","67.3%","2634","61.7%","4566","64.1%","5778","56.3%","7.8pp"
"Marauding Brinefang","U","C","115868","6.09","13771","9.14","39399","45.5%","54.7%","6631","51.4%","9794","54.4%","16425","53.2%","22709","55.7%","-2.5pp"
"Merfolk Cave-Diver","U","U","50598","6.44","7565","8.48","18758","39.4%","55.1%","3120","54.7%","4509","56.0%","7629","55.5%","11007","55.0%","0.5pp"
"Oaken Siren","U","C","95125","4.10","31131","4.80","184099","91.9%","59.6%","32678","61.5%","42686","59.1%","75364","60.1%","106747","59.2%","0.9pp"
"Ojer Pakpatiq, Deepest Epoch","U","M","1291","1.02","1025","1.02","5496","87.1%","58.3%","933","64.6%","1461","61.8%","2394","62.9%","3084","54.7%","8.2pp"
"Orazca Puzzle-Door","U","C","121431","6.26","17550","8.76","56883","50.6%","59.0%","9733","58.2%","13476","57.8%","23209","57.9%","33139","59.7%","-1.8pp"
"Out of Air","U","C","133004","8.15","17772","11.20","18619","16.4%","53.7%","2962","50.5%","4542","54.4%","7504","52.9%","11013","54.1%","-1.2pp"
"Pirate Hat","U","C","132991","8.11","25561","10.43","59059","36.0%","58.9%","9772","57.8%","13250","56.8%","23022","57.2%","35460","59.9%","-2.7pp"
"Relic's Roar","U","C","136847","9.82","22266","12.70","7876","5.4%","53.0%","1276","50.9%","1858","52.0%","3134","51.6%","4714","54.0%","-2.4pp"
"River Herald Scout","U","C","110042","5.09","19100","6.71","88203","74.4%","57.0%","15690","57.5%","20588","56.8%","36278","57.1%","51530","57.0%","0.1pp"
"Sage of Days","U","C","130217","7.66","18517","10.62","34007","28.7%","55.8%","5814","56.3%","8379","55.8%","14193","56.0%","19598","55.6%","0.4pp"
"Self-Reflection","U","U","50172","6.51","5802","9.36","7075","19.1%","53.9%","1089","50.8%","1752","54.1%","2841","52.8%","4208","54.6%","-1.8pp"
"Shipwreck Sentry","U","C","132672","7.59","27492","9.43","100010","56.3%","58.8%","17638","58.6%","22326","56.6%","39964","57.5%","59181","59.7%","-2.2pp"
"Sinuous Benthisaur","U","U","44500","6.33","7143","8.78","13046","28.9%","54.7%","2056","55.2%","3373","56.6%","5429","56.1%","7384","53.1%","2.9pp"
"Song of Stupefaction","U","C","133627","9.15","20785","12.33","12072","9.0%","51.7%","1973","49.1%","3137","52.6%","5110","51.2%","6882","51.9%","-0.7pp"
"Spyglass Siren","U","U","19610","2.24","9150","2.45","56093","93.3%","61.2%","10217","68.5%","13529","62.7%","23746","65.2%","31676","58.1%","7.1pp"
"Staunch Crewmate","U","U","23974","2.65","7781","2.98","46484","91.3%","60.9%","8260","63.5%","11136","60.9%","19396","62.1%","26449","59.9%","2.1pp"
"Tishana's Tidebinder","U","R","3180","1.29","1599","1.29","8126","83.7%","56.4%","1404","57.7%","2071","58.4%","3475","58.1%","4604","55.1%","3.0pp"
"Unlucky Drop","U","C","113414","5.65","13986","8.03","56489","62.1%","60.5%","8934","58.4%","14060","60.8%","22994","59.8%","33198","60.9%","-1.0pp"
"Waterlogged Hulk","U","U","65935","9.50","16885","11.51","13895","12.7%","53.1%","2399","52.5%","3442","53.5%","5841","53.1%","7937","53.1%","0.0pp"
"Waterwind Scout","U","C","71908","3.14","28318","3.63","172215","93.6%","60.3%","30249","62.1%","42198","61.7%","72447","61.8%","98917","59.2%","2.6pp"
"Waylaying Pirates","U","C","115889","5.41","24009","6.91","126993","82.8%","59.2%","20729","57.3%","30786","59.6%","51515","58.7%","73685","59.3%","-0.6pp"
"Zoetic Glyph","U","U","24404","2.81","13359","3.00","79821","91.8%","61.1%","13826","66.1%","19671","64.1%","33497","64.9%","45879","58.2%","6.7pp"
"Abyssal Gorestalker","B","U","40914","4.96","3360","7.48","8444","40.4%","54.1%","1250","53.7%","2274","55.2%","3524","54.7%","4890","53.7%","1.0pp"
"Aclazotz, Deepest Betrayal","B","M","1199","1.00","979","1.00","5569","86.2%","61.2%","959","69.7%","1534","70.2%","2493","70.0%","3069","53.5%","16.5pp"
"Another Chance","B","C","123282","6.69","17519","8.91","64373","58.1%","56.9%","10438","54.1%","17074","60.0%","27512","57.8%","36617","56.1%","1.7pp"
"Bitter Triumph","B","U","19828","2.20","5271","2.52","29302","90.3%","56.5%","5084","57.5%","7781","60.7%","12865","59.4%","16327","54.2%","5.3pp"
"Bloodthorn Flail","B","U","54462","9.80","11343","12.27","4172","5.7%","50.9%","720","51.8%","1002","51.0%","1722","51.3%","2442","50.5%","0.9pp"
"Bringer of the Last Gift","B","R","2577","1.07","1080","1.06","4892","74.6%","57.1%","845","56.3%","1364","62.9%","2209","60.4%","2644","54.2%","6.2pp"
"Broodrage Mycoid","B","C","131014","7.34","17621","9.55","52564","48.7%","53.2%","8436","52.5%","13479","54.6%","21915","53.8%","30513","52.8%","1.0pp"
"Canonized in Blood","B","U","53283","8.06","8980","10.48","9658","17.2%","48.4%","1673","43.9%","2419","49.6%","4092","47.2%","5547","49.2%","-2.0pp"
"Chupacabra Echo","B","U","19966","2.25","6265","2.43","35628","89.5%","58.4%","5918","58.5%","9641","63.8%","15559","61.8%","19780","55.5%","6.3pp"
"Corpses of the Lost","B","R","2626","1.07","1225","1.06","5777","77.4%","55.7%","1020","60.0%","1512","58.0%","2532","58.8%","3221","53.0%","5.8pp"
"Dead Weight","B","C","69444","3.00","9613","3.87","53858","90.2%","56.5%","9364","57.4%","13750","58.5%","23114","58.0%","30565","55.2%","2.8pp"
"Deathcap Marionette","B","C","115096","6.03","19252","7.75","91143","75.4%","57.0%","16254","58.3%","22424","58.3%","38678","58.3%","52093","56.1%","2.2pp"
"Deep Goblin Skulltaker","B","C","123200","6.70","12465","9.50","36438","47.4%","52.7%","6392","50.7%","9182","53.4%","15574","52.3%","20771","52.9%","-0.7pp"
"Deep-Cavern Bat","B","U","24873","2.89","8114","3.11","43621","84.0%","59.0%","7663","65.8%","11136","63.1%","18799","64.2%","24649","55.0%","9.1pp"
"Echo of Dusk","B","C","116688","6.11","16907","8.12","79233","74.7%","57.1%","13701","56.6%","19730","59.3%","33431","58.2%","45424","56.2%","2.0pp"
"Fanatical Offering","B","C","125699","6.53","14903","8.67","55336","59.3%","56.6%","9162","57.1%","14402","59.3%","23564","58.5%","31617","55.1%","3.3pp"
"Gargantuan Leech","B","U","42081","5.39","4326","7.72","10598","39.5%","53.9%","1709","51.9%","2786","59.4%","4495","56.6%","5948","51.5%","5.1pp"
"Grasping Shadows","B","U","53559","4.97","6420","6.50","22466","57.4%","52.8%","3706","49.0%","5856","53.3%","9562","51.7%","12827","53.6%","-1.9pp"
"Greedy Freebooter","B","C","130673","7.31","14245","9.73","39799","45.0%","53.8%","7019","56.5%","9647","54.2%","16666","55.1%","23012","52.7%","2.4pp"
"Join the Dead","B","C","61690","2.67","11686","3.23","67024","92.6%","56.5%","11108","56.8%","17973","60.6%","29081","59.2%","37665","54.5%","4.7pp"
"Malicious Eclipse","B","U","46011","6.13","4539","9.10","6446","23.0%","51.0%","1108","47.9%","1653","51.2%","2761","49.9%","3667","51.7%","-1.8pp"
"Mephitic Draught","B","C","135874","9.30","27240","11.29","46558","27.1%","53.6%","8249","53.0%","11955","54.3%","20204","53.8%","26185","53.3%","0.5pp"
"Preacher of the Schism","B","R","2452","1.03","1667","1.03","8914","85.2%","58.8%","1597","68.9%","2301","63.3%","3898","65.6%","4986","53.3%","12.3pp"
"Primordial Gnawer","B","C","129386","7.76","15424","10.85","28974","29.6%","56.3%","4622","54.8%","7589","58.6%","12211","57.2%","16683","55.6%","1.5pp"
"Queen's Bay Paladin","B","R","2819","1.15","789","1.14","2609","56.8%","51.0%","452","","665","51.4%","1117","51.0%","1487","50.8%","0.2pp"
"Rampaging Spiketail","B","C","124881","6.43","18566","8.43","78732","67.8%","56.6%","13588","56.0%","20158","59.1%","33746","57.9%","44639","55.6%","2.3pp"
"Ray of Ruin","B","C","92793","4.22","5973","6.25","26013","70.2%","56.0%","4156","54.6%","6970","59.3%","11126","57.6%","14803","54.8%","2.7pp"
"Screaming Phantom","B","C","112682","5.65","8263","8.21","29280","57.0%","54.7%","5058","54.2%","7163","55.9%","12221","55.2%","16987","54.3%","0.9pp"
"Skullcap Snail","B","C","104331","4.73","13142","6.30","64968","80.3%","56.3%","11595","57.9%","16437","57.9%","28032","57.9%","36724","55.1%","2.8pp"
"Soulcoil Viper","B","U","40673","4.49","5926","5.60","27365","75.3%","55.4%","4727","54.5%","6987","56.5%","11714","55.7%","15520","55.2%","0.5pp"
"Stalactite Stalker","B","R","2582","1.07","1084","1.07","4940","75.5%","55.1%","893","60.8%","1230","54.4%","2123","57.1%","2793","53.5%","3.6pp"
"Starving Revenant","B","R","2531","1.07","1318","1.07","6616","80.7%","56.5%","1095","59.3%","1788","61.4%","2883","60.6%","3697","53.3%","7.3pp"
"Stinging Cave Crawler","B","U","35082","3.70","6053","4.50","31975","86.6%","55.0%","5515","54.5%","8252","57.1%","13767","56.1%","18078","54.2%","1.8pp"
"Synapse Necromage","B","U","38677","4.28","4426","5.68","20444","74.6%","56.5%","3423","58.3%","5188","58.4%","8611","58.4%","11787","55.0%","3.4pp"
"Tarrian's Journal","B","R","3508","1.38","1427","1.35","6344","74.9%","53.1%","1105","51.0%","1625","55.1%","2730","53.4%","3589","52.7%","0.7pp"
"Terror Tide","B","R","2650","1.07","1098","1.07","4906","75.0%","53.9%","835","51.1%","1340","59.9%","2175","56.5%","2711","51.8%","4.8pp"
"Tithing Blade","B","C","126085","7.03","34812","7.76","151355","69.3%","56.8%","26674","58.2%","39798","60.3%","66472","59.5%","83919","54.6%","4.9pp"
"Visage of Dread","B","U","48177","4.30","8453","5.35","39597","76.2%","56.2%","6910","58.4%","10093","57.6%","17003","57.9%","22413","54.7%","3.2pp"
"Vito's Inquisitor","B","C","131915","8.10","14249","11.16","23674","26.7%","51.1%","3836","48.9%","6011","52.3%","9847","50.9%","13781","51.2%","-0.2pp"
"Abrade","R","C","46959","2.11","15021","2.46","88919","93.1%","58.2%","15650","57.9%","20081","59.3%","35731","58.7%","52976","57.9%","0.8pp"
"Ancestors' Aid","R","C","134500","8.08","27344","10.02","82610","46.9%","58.5%","13166","57.3%","17893","58.1%","31059","57.7%","51393","58.9%","-1.2pp"
"Belligerent Yearling","R","U","23140","2.83","6594","3.39","36557","87.3%","58.5%","6592","60.6%","7713","57.9%","14305","59.1%","22167","58.0%","1.1pp"
"Bonehoard Dracosaur","R","M","1258","1.00","1133","1.00","6921","92.4%","60.9%","1179","70.1%","1651","71.2%","2830","70.7%","4079","54.1%","16.6pp"
"Brass's Tunnel-Grinder","R","R","3162","1.25","1191","1.23","5149","72.0%","54.4%","908","56.8%","1219","53.8%","2127","55.1%","2999","54.0%","1.1pp"
"Brazen Blademaster","R","C","129544","6.95","18416","9.30","57839","49.7%","56.1%","9659","53.7%","12506","53.6%","22165","53.6%","35368","57.7%","-4.0pp"
"Breeches, Eager Pillager","R","R","2520","1.00","2010","1.00","11571","89.4%","61.2%","2090","69.1%","2631","66.2%","4721","67.5%","6749","56.7%","10.9pp"
"Burning Sun Cavalry","R","C","122072","5.96","13649","8.03","53173","61.9%","56.7%","9529","58.3%","10847","54.0%","20376","56.0%","32689","57.2%","-1.2pp"
"Calamitous Cave-In","R","U","42960","5.37","3643","7.88","6703","30.0%","51.1%","1135","49.8%","1652","56.2%","2787","53.6%","3809","48.6%","5.0pp"
"Child of the Volcano","R","C","131609","7.37","12477","10.59","15485","19.8%","51.3%","2546","48.5%","3534","49.6%","6080","49.1%","9362","52.8%","-3.6pp"
"Curator of Sun's Creation","R","U","45912","5.27","7195","6.59","23724","53.2%","55.6%","3905","55.6%","5320","56.3%","9225","56.0%","14452","55.4%","0.6pp"
"Daring Discovery","R","C","136119","9.52","24617","12.03","22613","14.1%","56.4%","3439","54.8%","4966","55.7%","8405","55.3%","14182","57.0%","-1.7pp"
"Diamond Pick-Axe","R","U","26908","3.00","6772","3.64","36682","85.2%","58.1%","6326","61.2%","7896","56.8%","14222","58.7%","22287","57.6%","1.1pp"
"Dinotomaton","R","C","104096","4.71","16342","6.43","82942","80.1%","57.7%","13491","57.5%","18577","57.8%","32068","57.7%","50461","57.8%","-0.1pp"
"Dire Flail","R","R","2482","1.03","1476","1.03","7926","85.6%","58.0%","1349","62.3%","1694","59.1%","3043","60.5%","4837","56.3%","4.2pp"
"Dowsing Device","R","U","54248","5.00","9191","6.23","38359","66.0%","56.9%","6535","54.7%","8476","54.9%","15011","54.8%","23079","58.2%","-3.4pp"
"Dreadmaw's Ire","R","U","25596","2.74","6467","3.28","35990","88.6%","58.2%","5800","56.3%","8005","59.2%","13805","58.0%","22123","58.3%","-0.3pp"
"Enterprising Scallywag","R","U","24933","2.73","3818","3.43","20382","86.1%","56.3%","3516","56.0%","4334","55.9%","7850","55.9%","12439","56.4%","-0.5pp"
"Etali's Favor","R","C","118869","5.47","35942","6.24","191497","82.7%","59.6%","32058","58.9%","42912","60.1%","74970","59.6%","116153","59.6%","-0.0pp"
"Geological Appraiser","R","U","18290","2.12","7833","2.37","45264","90.8%","59.4%","7658","61.1%","10278","61.9%","17936","61.5%","27203","58.0%","3.5pp"
"Goblin Tomb Raider","R","C","114752","6.08","27946","7.69","131191","73.1%","59.4%","23430","62.3%","27268","57.5%","50698","59.7%","79851","59.1%","0.6pp"
"Goldfury Strider","R","U","46017","5.31","4783","7.57","14580","48.3%","56.4%","2221","53.9%","3252","56.9%","5473","55.7%","9043","56.8%","-1.1pp"
"Hit the Mother Lode","R","R","4938","1.99","422","2.05","349","14.0%","","49","","74","","123","","226","",""
"Hotfoot Gnome","R","C","122960","6.40","12894","9.35","35915","43.4%","57.0%","6025","54.9%","7760","55.4%","13785","55.2%","21957","58.2%","-3.0pp"
"Idol of the Deep King","R","C","100518","5.46","22352","7.52","100614","71.0%","57.5%","16836","55.3%","22166","57.2%","39002","56.4%","61054","58.1%","-1.7pp"
"Inti, Seneschal of the Sun","R","R","2456","1.00","1904","1.00","10707","89.3%","59.0%","1898","64.9%","2428","60.5%","4326","62.4%","6359","56.6%","5.9pp"
"Magmatic Galleon","R","R","2484","1.00","1870","1.00","10326","85.9%","59.8%","1666","66.0%","2343","65.9%","4009","65.9%","6260","55.9%","10.0pp"
"Ojer Axonil, Deepest Might","R","M","1223","1.02","775","1.02","3869","78.1%","58.4%","638","59.4%","885","61.8%","1523","60.8%","2347","56.8%","4.0pp"
"Panicked Altisaur","R","C","109992","5.03","16526","6.77","79121","75.6%","57.7%","12542","56.7%","18077","58.2%","30619","57.6%","48293","57.7%","-0.1pp"
"Plundering Pirate","R","C","82810","3.72","16423","4.92","94192","89.8%","58.8%","16492","60.2%","20189","57.4%","36681","58.7%","57042","58.8%","-0.1pp"
"Poetic Ingenuity","R","R","3087","1.24","1866","1.22","9989","85.8%","57.6%","1758","66.3%","2218","55.8%","3976","60.4%","5985","55.8%","4.7pp"
"Rampaging Ceratops","R","U","31000","3.28","3324","4.27","16309","78.0%","55.9%","2570","55.1%","3728","55.9%","6298","55.6%","9969","56.1%","-0.5pp"
"Rumbling Rockslide","R","C","83794","3.56","9401","4.90","48674","83.1%","56.5%","7791","53.3%","11210","57.3%","19001","55.7%","29596","57.0%","-1.4pp"
"Saheeli's Lattice","R","U","38636","3.41","5082","4.57","22965","72.5%","56.6%","4009","57.1%","4954","56.4%","8963","56.7%","13951","56.4%","0.3pp"
"Scytheclaw Raptor","R","U","21389","2.47","5772","2.97","32896","91.2%","57.5%","5744","56.8%","7249","57.2%","12993","57.0%","19848","57.7%","-0.7pp"
"Seismic Monstrosaur","R","C","95877","4.25","8378","6.35","38303","73.3%","55.9%","6516","53.8%","8697","56.6%","15213","55.4%","22970","56.1%","-0.7pp"
"Sunfire Torch","R","C","105975","4.66","17070","6.19","85451","78.9%","58.2%","14673","58.0%","18432","56.6%","33105","57.2%","51848","58.8%","-1.6pp"
"Sunshot Militia","R","C","119893","6.08","24622","7.85","112292","70.9%","58.6%","19306","56.9%","23819","58.3%","43125","57.7%","68972","59.3%","-1.6pp"
"Tectonic Hazard","R","C","136846","9.83","18265","13.04","2608","2.2%","50.6%","431","","536","48.9%","967","49.6%","1639","51.1%","-1.4pp"
"Triumphant Chomp","R","U","20685","2.30","4870","2.76","26342","86.8%","57.0%","4416","55.7%","6024","57.4%","10440","56.7%","15870","57.2%","-0.5pp"
"Trumpeting Carnosaur","R","R","2506","1.00","2034","1.00","11750","89.8%","60.1%","1967","65.7%","2771","67.0%","4738","66.5%","6951","55.7%","10.8pp"
"Volatile Wanderglyph","R","C","99504","4.30","17634","5.63","101329","89.2%","59.5%","18363","61.7%","21065","57.5%","39428","59.4%","61487","59.5%","-0.1pp"
"Zoyowa's Justice","R","U","54102","9.53","10533","12.08","3202","4.7%","51.6%","555","47.6%","750","49.9%","1305","48.9%","1895","53.5%","-4.6pp"
"Armored Kincaller","G","C","104848","4.82","15501","6.09","81625","84.5%","57.4%","14507","57.2%","18820","58.1%","33327","57.7%","47884","57.1%","0.6pp"
"Basking Capybara","G","C","127501","6.85","9987","9.91","23099","37.6%","52.6%","4089","50.2%","5222","51.7%","9311","51.0%","13648","53.7%","-2.6pp"
"Bedrock Tortoise","G","R","2487","1.03","1377","1.02","6818","79.2%","57.5%","1180","61.5%","1637","63.0%","2817","62.4%","3952","54.0%","8.4pp"
"Cavern Stomper","G","C","118374","5.66","17103","7.19","79467","74.8%","56.5%","12338","56.4%","19004","57.8%","31342","57.3%","47514","55.9%","1.4pp"
"Cenote Scout","G","U","25832","2.78","4169","3.34","22014","85.7%","57.4%","4043","62.1%","4880","57.1%","8923","59.4%","12979","56.2%","3.2pp"
"Coati Scavenger","G","U","34402","3.85","4400","4.89","20361","76.2%","54.3%","3426","50.0%","4919","55.8%","8345","53.4%","11827","54.8%","-1.4pp"
"Colossadactyl","G","U","20683","2.28","4350","2.63","24340","90.4%","56.2%","3976","58.0%","6021","57.4%","9997","57.6%","14194","55.1%","2.6pp"
"Disturbed Slumber","G","C","136841","9.83","16812","13.07","4780","4.4%","49.5%","748","43.6%","991","49.4%","1739","46.9%","3034","51.1%","-4.1pp"
"Earthshaker Dreadmaw","G","U","22276","2.48","4459","2.87","23916","87.0%","56.6%","3789","56.4%","5764","59.0%","9553","58.0%","14137","55.4%","2.6pp"
"Explorer's Cache","G","U","39086","4.36","3465","6.07","12273","57.9%","55.6%","2136","56.3%","2776","54.1%","4912","55.1%","7341","55.9%","-0.8pp"
"Ghalta, Stampede Tyrant","G","M","1287","1.07","470","1.06","1559","57.3%","51.5%","239","","375","","614","54.4%","928","49.7%","4.7pp"
"Glimpse the Core","G","U","39582","4.36","2397","6.35","7631","53.0%","52.5%","1403","54.1%","1599","48.8%","3002","51.3%","4626","53.3%","-2.0pp"
"Glowcap Lantern","G","U","47651","5.99","4780","8.42","10360","35.4%","51.1%","1812","50.9%","2506","50.3%","4318","50.6%","6014","51.6%","-1.0pp"
"Growing Rites of Itlimoc","G","R","3763","1.44","552","1.43","1286","39.4%","50.5%","192","","298","","490","","795","51.6%",""
"Huatli, Poet of Unity","G","M","1263","1.00","965","1.00","5000","81.5%","59.4%","902","68.3%","1224","66.2%","2126","67.1%","2843","54.0%","13.1pp"
"Huatli's Final Strike","G","C","79097","3.41","12880","4.28","72941","91.0%","57.1%","11883","56.0%","18177","59.9%","30060","58.3%","42777","56.2%","2.1pp"
"Hulking Raptor","G","R","2500","1.03","1419","1.02","6807","79.2%","56.8%","1140","61.3%","1735","57.3%","2875","58.9%","3886","55.1%","3.9pp"
"In the Presence of Ages","G","C","131545","8.41","14700","11.80","14831","15.9%","55.1%","2480","53.3%","3438","57.5%","5918","55.7%","8888","54.7%","1.1pp"
"Intrepid Paleontologist","G","R","2467","1.02","1328","1.02","6716","79.6%","57.7%","1279","63.1%","1570","60.4%","2849","61.6%","3819","54.6%","7.0pp"
"Ixalli's Lorekeeper","G","U","36851","4.37","4871","5.55","21555","71.7%","56.1%","3947","61.1%","4435","53.0%","8382","56.8%","13119","55.6%","1.2pp"
"Jade Seedstones","G","U","48757","4.46","6103","5.98","25738","68.0%","56.0%","4067","55.5%","6285","57.8%","10352","56.9%","15367","55.4%","1.5pp"
"Jadelight Spelunker","G","R","2495","1.02","1308","1.02","6312","79.4%","55.3%","1139","56.7%","1560","58.7%","2699","57.9%","3565","53.3%","4.6pp"
"Kaslem's Stonetree","G","C","126274","7.68","10457","11.23","11830","18.0%","50.3%","1977","49.0%","2748","48.6%","4725","48.7%","7066","51.2%","-2.5pp"
"Malamet Battle Glyph","G","U","27424","3.06","4761","3.76","25682","87.1%","56.2%","4199","56.4%","6191","57.1%","10390","56.8%","15270","55.8%","1.0pp"
"Malamet Brawler","G","C","130309","7.20","12620","9.85","35732","45.4%","54.5%","6455","53.5%","7446","53.1%","13901","53.3%","21721","55.3%","-2.0pp"
"Malamet Scythe","G","C","136336","9.22","20835","11.78","26075","19.8%","55.0%","4042","53.0%","5986","55.4%","10028","54.5%","16015","55.3%","-0.8pp"
"Malamet Veteran","G","C","125603","6.51","9081","9.53","22761","40.5%","53.3%","3561","51.1%","5461","54.4%","9022","53.1%","13608","53.4%","-0.3pp"
"Mineshaft Spider","G","C","122362","6.47","10766","9.29","31621","47.0%","55.4%","5210","54.9%","7565","55.2%","12775","55.1%","18662","55.6%","-0.6pp"
"Nurturing Bristleback","G","C","113676","5.56","15288","7.35","70602","74.7%","56.0%","12077","54.1%","16509","58.2%","28586","56.4%","41414","55.5%","0.9pp"
"Ojer Kaslem, Deepest Growth","G","M","1161","1.01","865","1.01","4534","83.5%","57.8%","801","68.0%","1136","63.4%","1937","65.3%","2555","51.9%","13.4pp"
"Over the Edge","G","C","133702","8.32","17504","10.71","34750","32.2%","52.9%","5661","51.6%","8443","53.3%","14104","52.6%","20608","53.1%","-0.5pp"
"Pathfinding Axejaw","G","C","84927","3.82","15048","4.69","84298","89.7%","57.3%","14496","59.4%","20357","59.1%","34853","59.2%","48896","56.0%","3.2pp"
"Poison Dart Frog","G","C","74286","3.24","12767","3.99","71786","90.2%","57.4%","13013","61.8%","15871","55.9%","28884","58.6%","42547","56.6%","2.0pp"
"Pugnacious Hammerskull","G","R","2430","1.00","1446","1.00","7556","82.3%","59.4%","1355","67.4%","1847","63.9%","3202","65.4%","4297","55.0%","10.3pp"
"River Herald Guide","G","C","109574","5.09","13567","6.70","65985","79.1%","55.9%","11788","56.5%","15381","56.1%","27169","56.3%","38417","55.6%","0.7pp"
"Seeker of Sunlight","G","C","134776","8.58","17651","11.05","35595","32.2%","53.2%","6380","53.3%","7813","52.4%","14193","52.8%","21203","53.4%","-0.6pp"
"Sentinel of the Nameless City","G","R","2358","1.00","1628","1.00","8575","83.0%","59.4%","1506","69.8%","2148","62.8%","3654","65.7%","4883","54.5%","11.2pp"
"The Skullspore Nexus","G","M","1214","1.02","778","1.02","3830","80.3%","56.8%","582","56.9%","993","64.0%","1575","61.4%","2248","53.4%","8.0pp"
"Spelunking","G","U","52333","7.17","5801","10.05","5633","15.5%","49.4%","984","48.5%","1270","52.0%","2254","50.4%","3348","48.5%","2.0pp"
"Staggering Size","G","C","133859","8.18","20712","10.00","65498","50.0%","57.1%","10301","54.7%","14868","58.8%","25169","57.1%","40299","57.0%","0.0pp"
"Tendril of the Mycotyrant","G","U","30928","3.31","4177","4.19","22317","85.0%","56.9%","3969","56.7%","5130","58.8%","9099","57.9%","13046","56.1%","1.7pp"
"Thrashing Brontodon","G","U","22260","2.50","4353","2.96","24321","90.2%","56.9%","4246","58.3%","5823","57.9%","10069","58.1%","14125","56.1%","2.0pp"
"Twists and Turns","G","U","49273","4.42","7282","5.50","30453","69.8%","54.7%","5168","52.6%","7494","56.7%","12662","55.0%","17760","54.5%","0.5pp"
"Walk with the Ancestors","G","C","136131","9.28","20468","11.72","27918","21.7%","53.9%","4375","49.7%","6790","55.3%","11165","53.1%","16726","54.3%","-1.2pp"
"Abuelo, Ancestral Echo","WU","R","2459","1.02","1447","1.01","7100","80.0%","57.3%","1247","58.3%","1831","59.0%","3078","58.7%","3973","56.2%","2.5pp"
"Akawalli, the Seething Tower","BG","U","31066","3.27","3632","3.94","16728","75.2%","55.4%","2856","55.9%","4360","58.6%","7216","57.6%","9377","53.7%","3.8pp"
"Amalia Benavides Aguirre","WB","R","2527","1.05","631","1.05","1768","47.3%","51.9%","304","","478","","782","52.4%","986","51.5%","0.9pp"
"The Ancient One","UB","M","1420","1.12","499","1.11","1756","57.7%","53.0%","311","","476","","787","56.4%","958","49.9%","6.5pp"
"Anim Pakal, Thousandth Moon","WR","R","2418","1.00","1710","1.00","9432","85.4%","60.1%","1677","67.4%","2097","64.6%","3774","65.8%","5662","56.3%","9.5pp"
"Bartolomé del Presidio","WB","U","41357","4.36","3680","5.60","13800","62.1%","54.2%","2312","55.4%","3555","54.9%","5867","55.1%","7942","53.5%","1.7pp"
"The Belligerent","UR","R","2495","1.05","1229","1.05","5635","75.5%","56.4%","970","60.7%","1293","57.5%","2263","58.9%","3310","54.8%","4.0pp"
"Caparocti Sunborn","WR","U","24809","2.63","5523","2.98","27276","79.0%","57.3%","4572","58.8%","6004","57.6%","10576","58.1%","16709","56.7%","1.5pp"
"Captain Storm, Cosmium Raider","UR","U","24549","2.64","8287","2.81","44315","83.3%","59.7%","7870","65.6%","10077","59.3%","17947","62.1%","25745","58.0%","4.1pp"
"Deepfathom Echo","UG","R","2447","1.02","1200","1.01","5259","71.5%","56.6%","877","64.8%","1419","60.5%","2296","62.2%","2902","52.6%","9.6pp"
"Gishath, Sun's Avatar","WRG","M","1266","1.03","413","1.03","1270","51.9%","48.9%","205","","309","","514","46.3%","736","50.0%","-3.7pp"
"Itzquinth, Firstborn of Gishath","RG","U","22707","2.43","5102","2.58","24718","77.6%","57.8%","4272","59.9%","5594","61.5%","9866","60.8%","14634","55.6%","5.2pp"
"Kellan, Daring Traveler","W","R","2397","1.01","1342","1.01","7254","85.2%","57.6%","1306","64.2%","1689","57.5%","2995","60.4%","4243","55.6%","4.8pp"
"Kutzil, Malamet Exemplar","WG","U","30882","3.24","3788","3.89","15101","65.4%","55.3%","2582","58.7%","3490","57.2%","6072","57.8%","8953","53.5%","4.3pp"
"Master's Guide-Mural","WU","U","36609","3.18","10334","3.61","51646","79.0%","57.8%","8560","57.7%","13170","59.2%","21730","58.6%","29214","57.2%","1.4pp"
"Molten Collapse","BR","R","2529","1.05","694","1.03","2099","51.7%","54.3%","344","","516","57.9%","860","56.7%","1236","52.4%","4.3pp"
"The Mycotyrant","BG","M","1256","1.05","546","1.05","2047","63.5%","53.5%","353","","517","55.9%","870","55.2%","1170","52.2%","3.0pp"
"Nicanzil, Current Conductor","UG","U","36619","3.76","3750","4.44","13916","63.1%","53.0%","2394","56.3%","3576","54.3%","5970","55.1%","7825","51.5%","3.6pp"
"Palani's Hatcher","RG","R","2367","1.00","1613","1.00","8925","84.7%","60.1%","1504","70.8%","2093","68.9%","3597","69.7%","5265","53.4%","16.3pp"
"Quintorius Kand","WR","M","1222","1.00","1008","1.00","5648","87.0%","59.2%","980","64.0%","1348","64.5%","2328","64.3%","3312","55.6%","8.7pp"
"Saheeli, the Sun's Brilliance","UR","M","1277","1.05","630","1.03","2825","72.4%","56.2%","464","","638","55.6%","1102","55.5%","1712","56.7%","-1.1pp"
"Sovereign Okinec Ahau","WG","M","1287","1.01","597","1.01","2395","66.9%","54.4%","414","","590","57.3%","1004","57.4%","1374","52.4%","5.0pp"
"Squirming Emergence","BG","R","5783","2.16","942","2.20","2307","41.8%","49.8%","388","","630","54.0%","1018","49.8%","1283","49.6%","0.2pp"
"Uchbenbak, the Great Mistake","UB","U","43430","4.79","5769","6.12","21070","60.1%","55.5%","3310","53.7%","5691","58.3%","9001","56.6%","11960","54.6%","2.0pp"
"Vito, Fanatic of Aclazotz","WB","M","1275","1.01","698","1.01","2960","69.7%","55.4%","493","","811","62.1%","1304","61.4%","1655","50.6%","10.8pp"
"Wail of the Forgotten","UB","R","3039","1.24","571","1.18","1694","51.0%","52.6%","301","","492","","793","53.7%","887","51.4%","2.3pp"
"Zoyowa Lava-Tongue","BR","U","33510","3.46","3222","4.11","13091","68.0%","53.9%","2234","57.7%","3137","55.3%","5371","56.3%","7707","52.1%","4.3pp"
"Buried Treasure","","C","134220","7.40","12027","10.36","16521","21.9%","52.8%","2973","50.3%","3599","51.5%","6572","50.9%","9886","54.1%","-3.1pp"
"Careening Mine Cart","","U","25444","2.91","3393","3.91","15497","74.6%","55.0%","2628","55.7%","3474","53.7%","6102","54.6%","9328","55.3%","-0.7pp"
"Cartographer's Companion","","C","129299","6.68","22300","9.08","74879","53.2%","57.0%","13108","55.0%","16904","56.5%","30012","55.8%","44392","57.7%","-1.9pp"
"Compass Gnome","","C","130797","6.63","22434","8.83","73388","52.0%","56.0%","13582","56.4%","15420","54.1%","29002","55.2%","43985","56.5%","-1.3pp"
"Contested Game Ball","","U","53342","8.32","5723","12.10","338","0.9%","","58","","81","","139","","199","",""
"Digsite Conservator","","U","30637","3.31","2985","4.66","13958","75.4%","56.7%","2544","55.7%","3148","56.4%","5692","56.1%","8197","57.0%","-0.9pp"
"Disruptor Wanderglyph","","C","135685","8.82","12967","12.35","5537","6.7%","52.0%","868","48.4%","1272","51.6%","2140","50.3%","3357","52.9%","-2.7pp"
"Hoverstone Pilgrim","","U","50862","6.55","6944","9.10","15272","34.5%","57.0%","2408","54.7%","3863","58.0%","6271","56.7%","8862","57.0%","-0.3pp"
"Hunter's Blowgun","","C","136542","9.43","18491","12.15","13594","11.5%","54.6%","2372","54.0%","3071","53.7%","5443","53.8%","8112","55.2%","-1.3pp"
"Matzalantli, the Great Door","","R","2928","1.25","542","1.22","1477","47.5%","48.6%","246","","355","","601","48.4%","872","48.6%","-0.2pp"
"The Millennium Calendar","","M","1712","1.45","272","1.40","466","29.8%","","91","","117","","208","","250","",""
"Roaming Throne","","R","2435","1.01","1944","1.01","11705","95.9%","57.3%","1913","59.7%","2907","59.5%","4820","59.6%","6774","55.7%","3.9pp"
"Scampering Surveyor","","U","17797","2.09","3507","2.51","19114","87.9%","58.2%","3259","61.2%","4571","60.4%","7830","60.8%","11099","56.3%","4.4pp"
"Sorcerous Spyglass","","U","55184","9.33","8064","12.33","308","0.6%","","43","","68","","111","","196","",""
"Sunbird Standard","","U","65477","7.64","12533","9.60","21650","27.1%","55.3%","3800","53.8%","5112","57.2%","8912","55.7%","12612","54.9%","0.8pp"
"Swashbuckler's Whip","","U","53653","8.30","7177","11.68","2238","4.9%","50.1%","346","","516","48.1%","862","47.7%","1359","51.6%","-3.9pp"
"Tarrian's Soulcleaver","","R","2677","1.11","1135","1.11","5951","86.0%","54.6%","1048","55.4%","1431","55.6%","2479","55.5%","3437","53.9%","1.6pp"
"Threefold Thunderhulk","","R","2439","1.01","1929","1.01","11576","94.6%","57.5%","1870","56.4%","2882","62.8%","4752","60.3%","6721","55.4%","4.8pp"
"Throne of the Grim Captain","","R","3510","1.51","1045","1.54","2951","46.4%","53.1%","541","59.5%","804","58.0%","1345","58.6%","1566","48.0%","10.6pp"
"Treasure Map","","R","2438","1.02","1156","1.02","5897","86.8%","53.9%","1067","52.6%","1470","52.4%","2537","52.5%","3342","54.8%","-2.3pp"
"Captivating Cave","","C","102682","6.40","21952","9.42","104302","74.8%","56.5%","18359","55.8%","25859","57.6%","44218","56.9%","59679","56.1%","0.7pp"
"Cavern of Souls","","M","1624","1.36","376","1.37","716","31.9%","52.0%","125","","179","","304","","409","",""
"Cavernous Maw","","U","52654","6.83","5854","9.49","11895","32.5%","52.0%","1987","51.4%","3115","54.7%","5102","53.4%","6666","50.7%","2.7pp"
"Echoing Deeps","","R","2828","1.18","265","1.18","329","20.6%","","53","","86","","139","","190","",""
"Forgotten Monument","","U","49909","5.79","4721","8.01","13363","45.6%","53.6%","2325","55.6%","3647","56.1%","5972","55.9%","7259","51.4%","4.5pp"
"Hidden Cataract","","C","107453","6.20","18479","8.49","98270","84.4%","57.8%","17240","58.5%","24885","56.4%","42125","57.3%","55669","58.2%","-1.0pp"
"Hidden Courtyard","","C","107080","6.12","15496","8.57","80417","81.8%","57.4%","14296","57.5%","19363","56.1%","33659","56.7%","46538","57.8%","-1.2pp"
"Hidden Necropolis","","C","106205","6.16","12396","8.37","60563","78.9%","55.6%","10793","57.4%","15918","56.7%","26711","57.0%","33538","54.4%","2.6pp"
"Hidden Nursery","","C","107623","6.18","13043","8.33","65875","82.2%","55.3%","11702","55.4%","16081","54.8%","27783","55.0%","37705","55.5%","-0.4pp"
"Hidden Volcano","","C","107687","6.19","17999","8.48","93920","82.9%","56.9%","16323","57.0%","21568","54.1%","37891","55.4%","55785","57.9%","-2.5pp"
"Pit of Offerings","","U","46533","5.09","3373","7.55","11872","57.4%","51.8%","1932","49.2%","3046","52.1%","4978","51.0%","6834","52.4%","-1.4pp"
"Promising Vein","","C","107310","6.78","19569","10.07","72194","58.5%","54.4%","12839","53.8%","17988","54.7%","30827","54.3%","41112","54.4%","-0.1pp"
"Restless Anchorage","","R","2485","1.01","1140","1.01","4783","67.4%","57.9%","920","62.2%","1181","60.5%","2101","61.2%","2658","55.3%","5.9pp"
"Restless Prairie","","R","2580","1.03","672","1.02","1878","47.0%","54.5%","317","","453","","770","55.8%","1098","53.7%","2.1pp"
"Restless Reef","","R","2563","1.05","856","1.04","2889","56.1%","53.6%","513","56.3%","768","55.7%","1281","56.0%","1590","51.6%","4.3pp"
"Restless Ridgeline","","R","2495","1.02","874","1.02","2916","55.8%","56.0%","543","58.0%","713","55.8%","1256","56.8%","1650","55.3%","1.4pp"
"Restless Vents","","R","2576","1.05","634","1.04","1458","37.6%","52.9%","250","","348","","598","54.5%","855","51.7%","2.8pp"
"Sunken Citadel","","R","2895","1.18","542","1.20","2340","72.0%","54.3%","401","","572","51.9%","973","54.3%","1358","54.1%","0.1pp"
"Volatile Fault","","U","54454","9.32","11298","11.62","14945","20.8%","51.6%","2491","48.6%","3683","53.8%","6174","51.7%","8695","51.4%","0.4pp"
"Deeproot Pilgrimage","U","R","5534","2.06","872","2.00","1396","27.0%","50.1%","236","","339","","575","48.2%","819","51.4%","-3.2pp"
"Subterranean Schooner","U","R","2458","1.01","1832","1.00","10503","90.0%","58.6%","1858","68.1%","2504","60.7%","4362","63.9%","6022","54.7%","9.2pp"
"Acolyte of Aclazotz","B","C","132524","8.09","16391","10.92","27367","27.1%","50.6%","4427","46.1%","6898","52.2%","11325","49.9%","15996","51.1%","-1.2pp"
"Bloodletter of Aclazotz","B","M","1344","1.08","773","1.07","3381","72.6%","54.3%","573","57.1%","909","60.7%","1482","59.3%","1892","50.2%","9.1pp"
"Defossilize","B","U","44781","5.08","10523","5.77","47329","72.0%","57.0%","7413","58.1%","12668","61.5%","20081","60.3%","27039","54.5%","5.8pp"
"Fungal Fortitude","B","C","134470","8.46","16871","11.25","23314","22.0%","53.7%","3680","52.7%","5928","56.2%","9608","54.9%","13660","52.8%","2.0pp"
"Souls of the Lost","B","R","2596","1.08","878","1.08","3911","73.2%","56.1%","672","56.3%","1042","57.0%","1714","56.7%","2194","55.6%","1.1pp"
"Cosmium Confluence","G","R","2464","1.02","540","1.02","1662","52.3%","51.7%","272","","451","","723","53.9%","929","49.5%","4.4pp"
"Chimil, the Inner Sun","","M","1178","1.00","1076","1.00","6601","95.7%","59.9%","1134","63.7%","1722","65.5%","2856","64.8%","3712","56.1%","8.7pp"
"Runaway Boulder","","C","117255","6.56","8520","10.29","12251","22.6%","55.6%","2081","54.9%","3012","54.5%","5093","54.6%","7055","56.1%","-1.5pp"
